fasta_name,prediction,confidence
GCA_002968015,1,0.8626413345336914
GCA_011682045,0,0.9372371435165405
GCA_q00233375,0,0.7752097249031067
GCA_q00244415,0,0.5777498483657837
GCA_001427325,1,0.9404135346412659
GCA_011682065,0,0.9704440832138062
GCA_009763355,1,0.8878968358039856
GCA_900101265,1,0.9769551753997803
GCA_012927275,1,0.5387715101242065
GCA_001425685,0,0.7332523465156555
