fasta_name,prediction,confidence
GCA_002968015,1,0.8094753623008728
GCA_011682045,1,0.6592055559158325
GCA_q00233375,1,0.6987951397895813
GCA_q00244415,1,0.569870114326477
GCA_001427325,1,0.5199440121650696
GCA_011682065,1,0.9494235515594482
GCA_009763355,1,0.9691593050956726
GCA_900101265,1,0.937800943851471
GCA_012927275,0,0.5769468545913696
GCA_001425685,1,0.8951069712638855
