fasta_name,prediction,confidence
GCA_048284325.1,0,0.961095
GCA_048284335.1,0,0.986339
GCA_048284345.1,0,0.983643
GCA_048286515.1,0,0.938863
GCA_048286555.1,0,0.984646
GCA_048286615.1,0,0.981209
GCA_048286715.1,0,0.909939
GCA_048286755.1,0,0.962509
GCA_048286775.1,0,0.934673
GCA_048286795.1,0,0.989703
