{
    "10": {
        "auc_pos": 0.9234467455621301,
        "fpr_pos": [
            0.0,
            0.0,
            0.0,
            0.019230769230769232,
            0.019230769230769232,
            0.057692307692307696,
            0.057692307692307696,
            0.07692307692307693,
            0.07692307692307693,
            0.09615384615384616,
            0.09615384615384616,
            0.1346153846153846,
            0.1346153846153846,
            0.25,
            0.25,
            0.28846153846153844,
            0.28846153846153844,
            0.5192307692307693,
            0.5192307692307693,
            0.7307692307692307,
            0.7307692307692307,
            0.8846153846153846,
            0.8846153846153846,
            1.0
        ],
        "tpr_pos": [
            0.0,
            0.019230769230769232,
            0.5,
            0.5,
            0.5576923076923077,
            0.5576923076923077,
            0.7692307692307693,
            0.7692307692307693,
            0.8653846153846154,
            0.8653846153846154,
            0.8846153846153846,
            0.8846153846153846,
            0.9038461538461539,
            0.9038461538461539,
            0.9230769230769231,
            0.9230769230769231,
            0.9423076923076923,
            0.9423076923076923,
            0.9615384615384616,
            0.9615384615384616,
            0.9807692307692307,
            0.9807692307692307,
            1.0,
            1.0
        ],
        "model": "./models/best_model_10.pth"
    },
    "20": {
        "auc_pos": 0.9105029585798816,
        "fpr_pos": [
            0.0,
            0.0,
            0.0,
            0.019230769230769232,
            0.019230769230769232,
            0.057692307692307696,
            0.057692307692307696,
            0.17307692307692307,
            0.17307692307692307,
            0.19230769230769232,
            0.19230769230769232,
            0.21153846153846154,
            0.21153846153846154,
            0.23076923076923078,
            0.23076923076923078,
            0.34615384615384615,
            0.34615384615384615,
            0.36538461538461536,
            0.36538461538461536,
            0.38461538461538464,
            0.38461538461538464,
            0.4230769230769231,
            0.4230769230769231,
            0.46153846153846156,
            0.46153846153846156,
            0.5576923076923077,
            0.5576923076923077,
            0.6153846153846154,
            0.6153846153846154,
            1.0
        ],
        "tpr_pos": [
            0.0,
            0.019230769230769232,
            0.6730769230769231,
            0.6730769230769231,
            0.7115384615384616,
            0.7115384615384616,
            0.75,
            0.75,
            0.7692307692307693,
            0.7692307692307693,
            0.8076923076923077,
            0.8076923076923077,
            0.8269230769230769,
            0.8269230769230769,
            0.8461538461538461,
            0.8461538461538461,
            0.8846153846153846,
            0.8846153846153846,
            0.9038461538461539,
            0.9038461538461539,
            0.9230769230769231,
            0.9230769230769231,
            0.9423076923076923,
            0.9423076923076923,
            0.9615384615384616,
            0.9615384615384616,
            0.9807692307692307,
            0.9807692307692307,
            1.0,
            1.0
        ],
        "model": "./models/best_model_20.pth"
    },
    "30": {
        "auc_pos": 0.9378698224852071,
        "fpr_pos": [
            0.0,
            0.0,
            0.0,
            0.019230769230769232,
            0.019230769230769232,
            0.038461538461538464,
            0.038461538461538464,
            0.09615384615384616,
            0.09615384615384616,
            0.11538461538461539,
            0.11538461538461539,
            0.15384615384615385,
            0.15384615384615385,
            0.23076923076923078,
            0.23076923076923078,
            0.2692307692307692,
            0.2692307692307692,
            0.38461538461538464,
            0.38461538461538464,
            0.40384615384615385,
            0.40384615384615385,
            0.5576923076923077,
            0.5576923076923077,
            0.6730769230769231,
            0.6730769230769231,
            1.0
        ],
        "tpr_pos": [
            0.0,
            0.019230769230769232,
            0.7115384615384616,
            0.7115384615384616,
            0.7307692307692307,
            0.7307692307692307,
            0.7884615384615384,
            0.7884615384615384,
            0.8269230769230769,
            0.8269230769230769,
            0.8653846153846154,
            0.8653846153846154,
            0.8846153846153846,
            0.8846153846153846,
            0.9038461538461539,
            0.9038461538461539,
            0.9230769230769231,
            0.9230769230769231,
            0.9423076923076923,
            0.9423076923076923,
            0.9615384615384616,
            0.9615384615384616,
            0.9807692307692307,
            0.9807692307692307,
            1.0,
            1.0
        ],
        "model": "./models/best_model_30.pth"
    },
    "40": {
        "auc_pos": 0.9515532544378699,
        "fpr_pos": [
            0.0,
            0.0,
            0.0,
            0.019230769230769232,
            0.019230769230769232,
            0.038461538461538464,
            0.038461538461538464,
            0.09615384615384616,
            0.09615384615384616,
            0.1346153846153846,
            0.1346153846153846,
            0.19230769230769232,
            0.19230769230769232,
            0.21153846153846154,
            0.21153846153846154,
            0.34615384615384615,
            0.34615384615384615,
            0.40384615384615385,
            0.40384615384615385,
            0.5961538461538461,
            0.5961538461538461,
            1.0
        ],
        "tpr_pos": [
            0.0,
            0.019230769230769232,
            0.7115384615384616,
            0.7115384615384616,
            0.8076923076923077,
            0.8076923076923077,
            0.8269230769230769,
            0.8269230769230769,
            0.8461538461538461,
            0.8461538461538461,
            0.8653846153846154,
            0.8653846153846154,
            0.9038461538461539,
            0.9038461538461539,
            0.9423076923076923,
            0.9423076923076923,
            0.9615384615384616,
            0.9615384615384616,
            0.9807692307692307,
            0.9807692307692307,
            1.0,
            1.0
        ],
        "model": "./models/best_model_40.pth"
    },
    "50": {
        "auc_pos": 0.9312130177514792,
        "fpr_pos": [
            0.0,
            0.0,
            0.0,
            0.019230769230769232,
            0.019230769230769232,
            0.038461538461538464,
            0.038461538461538464,
            0.057692307692307696,
            0.057692307692307696,
            0.07692307692307693,
            0.07692307692307693,
            0.09615384615384616,
            0.09615384615384616,
            0.17307692307692307,
            0.17307692307692307,
            0.21153846153846154,
            0.21153846153846154,
            0.23076923076923078,
            0.23076923076923078,
            0.2692307692307692,
            0.2692307692307692,
            0.38461538461538464,
            0.38461538461538464,
            0.6538461538461539,
            0.6538461538461539,
            0.9423076923076923,
            0.9423076923076923,
            1.0
        ],